,State_1
0,R_ANA
1,R_ANA.D#
2,R_ANA.D#.S#
3,R_ANA.D#.S#.AX6
4,R_ANA.D#.S#.AX7
5,R_ANA.D+
6,R_ANA.D+.S#
7,R_ANA.D+.S#.AV5
8,R_ANA.D+.S-
9,R_ANA.D-
10,R_ANA.D-.ANA
11,R_ANA.D-.S#
12,R_ANA.D-.S#.AX5
13,R_AX4
14,R_B!
15,R_B!.D=
16,R_B#
17,R_B+
18,R_B+.D#
19,R_B+.D#.S#
20,R_B+.D#.S#.ACB
21,R_B+.D#.S#.ACD
22,R_B+.D#.S#.ACF
23,R_B+.D#.S#.ANA
24,R_B+.D#.S#.APP
25,R_B+.D#.S#.AV5
26,R_B+.D#.S#.AV6
27,R_B+.D#.S#.AV8
28,R_B+.D#.S#.AVP
29,R_B+.D#.S#.AX0
30,R_B+.D#.S#.AX1
31,R_B+.D#.S#.AX2
32,R_B+.D#.S#.AX3
33,R_B+.D#.S#.AX4
34,R_B+.D#.S#.AX5
35,R_B+.D#.S#.AX6
36,R_B+.D#.S#.AX7
37,R_B+.D#.S#.AX8
38,R_B+.D#.S#.AX9
39,R_B+.D#.S#.AXB
40,R_B+.D#.S#.AXL
41,R_B+.D#.S#.AXM
42,R_B+.D#.S#.AXP
43,R_B+.D#.S#.AXR
44,R_B+.D#.S#.AXS
45,R_B+.D#.S-
46,R_B+.D#.S-.ANA
47,R_B+.D#.S-.F=
48,R_B+.D#.S=
49,R_B+.D+
50,R_B+.D+.S#
51,R_B+.D+.S#.ACF
52,R_B+.D+.S#.ANA
53,R_B+.D+.S#.APP
54,R_B+.D+.S#.AV0
55,R_B+.D+.S#.AV5
56,R_B+.D+.S#.AV6
57,R_B+.D+.S#.AV8
58,R_B+.D+.S#.AVB
59,R_B+.D+.S#.AVP
60,R_B+.D+.S#.AVR
61,R_B+.D+.S#.AX0
62,R_B+.D+.S#.AX1
63,R_B+.D+.S#.AX3
64,R_B+.D+.S#.AX4
65,R_B+.D+.S#.AX5
66,R_B+.D+.S#.AX6
67,R_B+.D+.S#.AX7
68,R_B+.D+.S#.AX8
69,R_B+.D+.S#.AX9
70,R_B+.D+.S#.AXM
71,R_B+.D+.S#.AXO
72,R_B+.D+.S#.AXP
73,R_B+.D+.S-
74,R_B+.D+.S-.ANA
75,R_B+.D+.S-.F=
76,R_B+.D+.S-.R/
77,R_B+.D+.S=
78,R_B-
79,R_B-.ANA
80,R_B-.B+
81,R_B-.B+.D+
82,R_B-.B+.D+.S#
83,R_B-.B+.D+.S#.AV6
84,R_B-.B-
85,R_B-.B-.D-
86,R_B-.B-.D-.ANA
87,R_B-.B=
88,R_B-.D-
89,R_B-.D-.ANA
90,R_B-.D-.F!
91,R_B-.D-.F!.S-
92,R_B-.D-.S#
93,R_B-.D-.S#.ANA
94,R_B-.D-.S#.AV5
95,R_B-.F#
96,R_B-.F#.S#
97,R_B-.F#.S#.AX1
98,R_B-.F+
99,R_B-.F+.S#
100,R_B-.F+.S#.ACF
101,R_B-.F+.S#.AX1
102,R_B-.F-
103,R_B-.F-.S#
104,R_B-.F-.S#.AV5
105,R_B-.S#
106,R_B-.S#.APP
107,R_B-.S#.AV5
108,R_B-.S#.AV6
109,R_B-.S#.AV8
110,R_B-.S#.AX5
111,R_B-.S#.AX6
112,R_B-.S#.AX7
113,R_B/
114,R_B=
115,R_D!
116,R_D!.AV5
117,R_D!.S#
118,R_D!.S#.ANA
119,R_D!.S#.AV5
120,R_D!.S#.AV6
121,R_D!.S#.AVB
122,R_D!.S#.AVP
123,R_D!.S#.AVR
124,R_D!.S#.AX3
125,R_D!.S#.AX4
126,R_D!.S#.AX5
127,R_D!.S#.AX6
128,R_D!.S#.AX9
129,R_D#
130,R_D#.S#
131,R_D#.S#.ACB
132,R_D#.S#.ACD
133,R_D#.S#.ACF
134,R_D#.S#.ANA
135,R_D#.S#.APP
136,R_D#.S#.AV0
137,R_D#.S#.AV5
138,R_D#.S#.AV6
139,R_D#.S#.AV8
140,R_D#.S#.AVB
141,R_D#.S#.AVP
142,R_D#.S#.AVR
143,R_D#.S#.AX0
144,R_D#.S#.AX1
145,R_D#.S#.AX2
146,R_D#.S#.AX3
147,R_D#.S#.AX4
148,R_D#.S#.AX5
149,R_D#.S#.AX6
150,R_D#.S#.AX6.D=
151,R_D#.S#.AX7
152,R_D#.S#.AX8
153,R_D#.S#.AX9
154,R_D#.S#.AXB
155,R_D#.S#.AXL
156,R_D#.S#.AXM
157,R_D#.S#.AXO
158,R_D#.S#.AXP
159,R_D#.S#.AXR
160,R_D#.S#.AXS
161,R_D#.S-
162,R_D#.S-.ANA
163,R_D#.S-.F/
164,R_D#.S-.F=
165,R_D#.S=
166,R_D+
167,R_D+.ANA
168,R_D+.APP
169,R_D+.AX5
170,R_D+.S#
171,R_D+.S#.ACF
172,R_D+.S#.ANA
173,R_D+.S#.APP
174,R_D+.S#.AV0
175,R_D+.S#.AV5
176,R_D+.S#.AV6
177,R_D+.S#.AV6.D-
178,R_D+.S#.AV6.D-.S#
179,R_D+.S#.AV6.D-.S#.AV5
180,R_D+.S#.AV8
181,R_D+.S#.AV8.B=
182,R_D+.S#.AVB
183,R_D+.S#.AVP
184,R_D+.S#.AVR
185,R_D+.S#.AX0
186,R_D+.S#.AX1
187,R_D+.S#.AX3
188,R_D+.S#.AX4
189,R_D+.S#.AX5
190,R_D+.S#.AX6
191,R_D+.S#.AX7
192,R_D+.S#.AX8
193,R_D+.S#.AX9
194,R_D+.S#.AXB
195,R_D+.S#.AXL
196,R_D+.S#.AXM
197,R_D+.S#.AXO
198,R_D+.S#.AXP
199,R_D+.S#.AXR
200,R_D+.S#.AXS
201,R_D+.S-
202,R_D+.S-.ANA
203,R_D+.S-.D-
204,R_D+.S-.D=
205,R_D+.S-.F/
206,R_D+.S-.F=
207,R_D+.S=
208,R_D-
209,R_D-.ANA
210,R_D-.ANA.B=
211,R_D-.B-
212,R_D-.D#
213,R_D-.D#.S#
214,R_D-.D#.S#.AV5
215,R_D-.D#.S#.AX5
216,R_D-.D+
217,R_D-.D+.S#
218,R_D-.D+.S#.AV5
219,R_D-.D+.S#.AVR
220,R_D-.D+.S=
221,R_D-.D-
222,R_D-.D-.ANA
223,R_D-.D-.S=
224,R_D-.D=
225,R_D-.F!
226,R_D-.F!.S#
227,R_D-.F!.S#.ANA
228,R_D-.F#
229,R_D-.F#.S#
230,R_D-.F#.S#.AX1
231,R_D-.F-
232,R_D-.F-.S#
233,R_D-.F-.S#.AVP
234,R_D-.F/
235,R_D-.F=
236,R_D-.S#
237,R_D-.S#.ACF
238,R_D-.S#.ACF.D=
239,R_D-.S#.ANA
240,R_D-.S#.AV5
241,R_D-.S#.AVR
242,R_D-.S#.AX5
243,R_D-.S#.AX6
244,R_D-.S-
245,R_D-.S-.ANA
246,R_D-.S-.F/
247,R_D-.S-.F=
248,R_D-.S=
249,R_D=
250,R_F!
251,R_F!.S#
252,R_F!.S#.ACB
253,R_F!.S#.ACF
254,R_F!.S#.ANA
255,R_F!.S#.APP
256,R_F!.S#.AV5
257,R_F!.S#.AV6
258,R_F!.S#.AX0
259,R_F!.S#.AX1
260,R_F!.S#.AX2
261,R_F!.S#.AX3
262,R_F!.S#.AX4
263,R_F!.S#.AX5
264,R_F!.S#.AX6
265,R_F!.S#.AX7
266,R_F!.S#.AX8
267,R_F!.S#.AX9
268,R_F!.S#.AXB
269,R_F!.S#.AXL
270,R_F!.S#.AXM
271,R_F!.S#.AXP
272,R_F!.S-
273,R_F!.S-.ANA
274,R_F!.S=
275,R_F#
276,R_F#.S#
277,R_F#.S#.ACB
278,R_F#.S#.ACF
279,R_F#.S#.ANA
280,R_F#.S#.APP
281,R_F#.S#.AV5
282,R_F#.S#.AX1
283,R_F#.S#.AX2
284,R_F#.S#.AX3
285,R_F#.S#.AX4
286,R_F#.S#.AX5
287,R_F#.S#.AX6
288,R_F#.S#.AX7
289,R_F#.S#.AX8
290,R_F#.S#.AX9
291,R_F#.S#.AXB
292,R_F#.S#.AXM
293,R_F#.S#.AXP
294,R_F#.S#.AXR
295,R_F#.S#.AXS
296,R_F#.S-
297,R_F#.S-.ANA
298,R_F#.S=
299,R_F+
300,R_F+.S#
301,R_F+.S#.ACB
302,R_F+.S#.ACD
303,R_F+.S#.ACF
304,R_F+.S#.ANA
305,R_F+.S#.APP
306,R_F+.S#.AV5
307,R_F+.S#.AV6
308,R_F+.S#.AVP
309,R_F+.S#.AX0
310,R_F+.S#.AX1
311,R_F+.S#.AX2
312,R_F+.S#.AX3
313,R_F+.S#.AX4
314,R_F+.S#.AX5
315,R_F+.S#.AX5.D+
316,R_F+.S#.AX5.D+.S#
317,R_F+.S#.AX5.D+.S#.AV5
318,R_F+.S#.AX5.D-
319,R_F+.S#.AX5.D-.S#
320,R_F+.S#.AX5.D-.S#.AV5
321,R_F+.S#.AX6
322,R_F+.S#.AX7
323,R_F+.S#.AX8
324,R_F+.S#.AX9
325,R_F+.S#.AXB
326,R_F+.S#.AXM
327,R_F+.S#.AXO
328,R_F+.S#.AXP
329,R_F+.S#.AXR
330,R_F+.S#.AXS
331,R_F+.S-
332,R_F+.S-.ANA
333,R_F+.S-.F#
334,R_F+.S-.F#.S#
335,R_F+.S-.F#.S#.AX5
336,R_F+.S-.F/
337,R_F+.S=
338,R_F-
339,R_F-.ANA
340,R_F-.ANA.B+
341,R_F-.S#
342,R_F-.S#.ACF
343,R_F-.S#.ANA
344,R_F-.S#.APP
345,R_F-.S#.AV5
346,R_F-.S#.AV6
347,R_F-.S#.AVP
348,R_F-.S#.AVR
349,R_F-.S#.AX1
350,R_F-.S#.AX4
351,R_F-.S#.AX5
352,R_F-.S#.AX5.D=
353,R_F-.S#.AX5.F+
354,R_F-.S#.AX5.F+.S#
355,R_F-.S#.AX5.F+.S#.AX5
356,R_F-.S#.AX6
357,R_F-.S#.AX7
358,R_F-.S#.AX8
359,R_F-.S#.AX9
360,R_F-.S#.AXM
361,R_F-.S#.AXP
362,R_F-.S-
363,R_F-.S-.ANA
364,R_F-.S=
365,R_F/
366,R_F/.B+
367,R_F/.B+.D+
368,R_F/.B+.D+.S#
369,R_F/.B+.D+.S#.ANA
370,R_F=
371,R_P
372,R_R!
373,R_R!.S#
374,R_R!.S#.ACB
375,R_R!.S#.ACD
376,R_R!.S#.ACF
377,R_R!.S#.ANA
378,R_R!.S#.APP
379,R_R!.S#.APP.F!
380,R_R!.S#.APP.F!.S#
381,R_R!.S#.APP.F!.S#.AX5
382,R_R!.S#.AV5
383,R_R!.S#.AV6
384,R_R!.S#.AV8
385,R_R!.S#.AVB
386,R_R!.S#.AVP
387,R_R!.S#.AVR
388,R_R!.S#.AX0
389,R_R!.S#.AX1
390,R_R!.S#.AX1.D+
391,R_R!.S#.AX1.D+.S#
392,R_R!.S#.AX1.D+.S#.AVP
393,R_R!.S#.AX2
394,R_R!.S#.AX3
395,R_R!.S#.AX4
396,R_R!.S#.AX5
397,R_R!.S#.AX5.D-
398,R_R!.S#.AX5.F+
399,R_R!.S#.AX5.F+.S#
400,R_R!.S#.AX5.F+.S#.AXP
401,R_R!.S#.AX6
402,R_R!.S#.AX7
403,R_R!.S#.AX8
404,R_R!.S#.AX9
405,R_R!.S#.AXB
406,R_R!.S#.AXL
407,R_R!.S#.AXM
408,R_R!.S#.AXO
409,R_R!.S#.AXP
410,R_R!.S#.AXR
411,R_R!.S#.AXS
412,R_R!.S-
413,R_R!.S-.ANA
414,R_R!.S-.F/
415,R_R!.S=
416,R_R#
417,R_R#.S#
418,R_R#.S#.ACB
419,R_R#.S#.ACD
420,R_R#.S#.ACF
421,R_R#.S#.ANA
422,R_R#.S#.APP
423,R_R#.S#.APP.F/
424,R_R#.S#.AV5
425,R_R#.S#.AV6
426,R_R#.S#.AV8
427,R_R#.S#.AVP
428,R_R#.S#.AX0
429,R_R#.S#.AX1
430,R_R#.S#.AX2
431,R_R#.S#.AX3
432,R_R#.S#.AX3.F-
433,R_R#.S#.AX3.F-.S#
434,R_R#.S#.AX3.F-.S#.AV5
435,R_R#.S#.AX4
436,R_R#.S#.AX5
437,R_R#.S#.AX6
438,R_R#.S#.AX6.D-
439,R_R#.S#.AX7
440,R_R#.S#.AX8
441,R_R#.S#.AX9
442,R_R#.S#.AXB
443,R_R#.S#.AXM
444,R_R#.S#.AXM.D#
445,R_R#.S#.AXM.D#.S#
446,R_R#.S#.AXM.D#.S#.AX5
447,R_R#.S#.AXO
448,R_R#.S#.AXP
449,R_R#.S#.AXR
450,R_R#.S#.AXS
451,R_R#.S-
452,R_R#.S-.ANA
453,R_R#.S-.S-
454,R_R#.S=
455,R_R+
456,R_R+.S#
457,R_R+.S#.ACB
458,R_R+.S#.ACD
459,R_R+.S#.ACD.D+
460,R_R+.S#.ACD.D+.S-
461,R_R+.S#.ACF
462,R_R+.S#.ACF.B=
463,R_R+.S#.ANA
464,R_R+.S#.APP
465,R_R+.S#.AV5
466,R_R+.S#.AV6
467,R_R+.S#.AV8
468,R_R+.S#.AVB
469,R_R+.S#.AVP
470,R_R+.S#.AX0
471,R_R+.S#.AX1
472,R_R+.S#.AX1.B+
473,R_R+.S#.AX1.D+
474,R_R+.S#.AX1.D+.S#
475,R_R+.S#.AX1.D+.S#.AV5
476,R_R+.S#.AX2
477,R_R+.S#.AX3
478,R_R+.S#.AX4
479,R_R+.S#.AX5
480,R_R+.S#.AX5.B#
481,R_R+.S#.AX6
482,R_R+.S#.AX7
483,R_R+.S#.AX8
484,R_R+.S#.AX9
485,R_R+.S#.AXB
486,R_R+.S#.AXM
487,R_R+.S#.AXO
488,R_R+.S#.AXP
489,R_R+.S#.AXR
490,R_R+.S#.AXS
491,R_R+.S-
492,R_R+.S-.ANA
493,R_R+.S-.D=
494,R_R+.S=
495,R_R-
496,R_R-.ANA
497,R_R-.ANA.D=
498,R_R-.B-
499,R_R-.D-
500,R_R-.F/
501,R_R-.R!
502,R_R-.R!.S#
503,R_R-.R!.S#.AXM
504,R_R-.S#
505,R_R-.S#.ACB
506,R_R-.S#.ACD
507,R_R-.S#.ACF
508,R_R-.S#.ANA
509,R_R-.S#.APP
510,R_R-.S#.AV0
511,R_R-.S#.AV5
512,R_R-.S#.AV5.B#
513,R_R-.S#.AV5.B-
514,R_R-.S#.AV5.B-.D-
515,R_R-.S#.AV5.B=
516,R_R-.S#.AV6
517,R_R-.S#.AV8
518,R_R-.S#.AVB
519,R_R-.S#.AVP
520,R_R-.S#.AVP.F+
521,R_R-.S#.AVP.F+.S#
522,R_R-.S#.AVP.F+.S#.AX5
523,R_R-.S#.AVP.F-
524,R_R-.S#.AVP.F-.S#
525,R_R-.S#.AVP.F-.S#.AV5
526,R_R-.S#.AVR
527,R_R-.S#.AX0
528,R_R-.S#.AX1
529,R_R-.S#.AX2
530,R_R-.S#.AX3
531,R_R-.S#.AX4
532,R_R-.S#.AX5
533,R_R-.S#.AX6
534,R_R-.S#.AX6.B+
535,R_R-.S#.AX6.B+.D+
536,R_R-.S#.AX6.B+.D+.S#
537,R_R-.S#.AX6.B+.D+.S#.AV6
538,R_R-.S#.AX7
539,R_R-.S#.AX8
540,R_R-.S#.AX9
541,R_R-.S#.AXB
542,R_R-.S#.AXL
543,R_R-.S#.AXM
544,R_R-.S#.AXO
545,R_R-.S#.AXP
546,R_R-.S#.AXR
547,R_R-.S#.AXS
548,R_R-.S-
549,R_R-.S-.ANA
550,R_R-.S-.D-
551,R_R-.S-.D-.S-
552,R_R-.S-.D=
553,R_R-.S-.F-
554,R_R-.S-.F-.S#
555,R_R-.S-.F-.S#.AV5
556,R_R-.S-.F-.S#.AX6
557,R_R-.S-.F/
558,R_R-.S-.F=
559,R_R-.S-.S-
560,R_R-.S=
561,R_R/
562,R_R/.F+
563,R_R/.F+.S#
564,R_R/.F+.S#.ACF
565,R_R/.F+.S#.AX5
566,R_R/.F/
567,R_R=
568,R_S#
569,R_S#.ACF
570,R_S#.AV5
571,R_S#.AX1
572,R_S#.AX5
573,R_S#.AX6
574,R_S#.AX7
575,R_S-
576,R_S=
577,S_ANA
578,S_ANA.B-
579,S_ANA.B-.D-
580,S_ANA.B-.D-.ANA
581,S_ANA.B/
582,S_ANA.B=
583,S_ANA.D#
584,S_ANA.D#.S#
585,S_ANA.D#.S#.AX5
586,S_ANA.D#.S#.AX6
587,S_ANA.D#.S#.AX8
588,S_ANA.D#.S#.AXM
589,S_ANA.D+
590,S_ANA.D+.S#
591,S_ANA.D+.S#.AV5
592,S_ANA.D+.S#.AV6
593,S_ANA.D-
594,S_ANA.D-.ANA
595,S_ANA.D-.S#
596,S_ANA.D-.S#.AV5
597,S_ANA.D-.S#.AX5
598,S_ANA.D-.S=
599,S_ANA.D=
600,S_ANA.F+
601,S_ANA.F+.S#
602,S_ANA.F+.S#.AX6
603,S_ANA.F-
604,S_ANA.F-.S#
605,S_ANA.F-.S#.AV6
606,S_ANA.S#
607,S_ANA.S#.ANA
608,S_ANA.S#.AX6
609,S_ANA.S-
610,S_B!
611,S_B!.D=
612,S_B#
613,S_B+
614,S_B+.D#
615,S_B+.D#.S#
616,S_B+.D#.S#.ACB
617,S_B+.D#.S#.ACD
618,S_B+.D#.S#.ACF
619,S_B+.D#.S#.ANA
620,S_B+.D#.S#.APP
621,S_B+.D#.S#.AV5
622,S_B+.D#.S#.AV6
623,S_B+.D#.S#.AV8
624,S_B+.D#.S#.AVP
625,S_B+.D#.S#.AVR
626,S_B+.D#.S#.AX0
627,S_B+.D#.S#.AX1
628,S_B+.D#.S#.AX2
629,S_B+.D#.S#.AX3
630,S_B+.D#.S#.AX4
631,S_B+.D#.S#.AX5
632,S_B+.D#.S#.AX5.F#
633,S_B+.D#.S#.AX5.F#.S#
634,S_B+.D#.S#.AX5.F#.S#.AX6
635,S_B+.D#.S#.AX6
636,S_B+.D#.S#.AX6.D=
637,S_B+.D#.S#.AX7
638,S_B+.D#.S#.AX8
639,S_B+.D#.S#.AX9
640,S_B+.D#.S#.AXB
641,S_B+.D#.S#.AXL
642,S_B+.D#.S#.AXM
643,S_B+.D#.S#.AXO
644,S_B+.D#.S#.AXP
645,S_B+.D#.S#.AXR
646,S_B+.D#.S#.AXS
647,S_B+.D#.S-
648,S_B+.D#.S-.ANA
649,S_B+.D#.S-.F=
650,S_B+.D#.S=
651,S_B+.D+
652,S_B+.D+.S#
653,S_B+.D+.S#.ACB
654,S_B+.D+.S#.ACF
655,S_B+.D+.S#.ANA
656,S_B+.D+.S#.APP
657,S_B+.D+.S#.AV0
658,S_B+.D+.S#.AV5
659,S_B+.D+.S#.AV6
660,S_B+.D+.S#.AV8
661,S_B+.D+.S#.AVB
662,S_B+.D+.S#.AVP
663,S_B+.D+.S#.AVR
664,S_B+.D+.S#.AX0
665,S_B+.D+.S#.AX1
666,S_B+.D+.S#.AX3
667,S_B+.D+.S#.AX4
668,S_B+.D+.S#.AX5
669,S_B+.D+.S#.AX5.D=
670,S_B+.D+.S#.AX6
671,S_B+.D+.S#.AX6.D-
672,S_B+.D+.S#.AX7
673,S_B+.D+.S#.AX8
674,S_B+.D+.S#.AX9
675,S_B+.D+.S#.AXB
676,S_B+.D+.S#.AXM
677,S_B+.D+.S#.AXO
678,S_B+.D+.S#.AXP
679,S_B+.D+.S-
680,S_B+.D+.S-.ANA
681,S_B+.D+.S-.F=
682,S_B+.D+.S=
683,S_B-
684,S_B-.ANA
685,S_B-.ANA.S-
686,S_B-.B#
687,S_B-.B+
688,S_B-.B+.D+
689,S_B-.B+.D+.S#
690,S_B-.B+.D+.S#.AV5
691,S_B-.B+.D+.S#.AV6
692,S_B-.B-
693,S_B-.B=
694,S_B-.D-
695,S_B-.D-.ANA
696,S_B-.D-.D#
697,S_B-.D-.D#.S#
698,S_B-.D-.D#.S#.AX6
699,S_B-.D-.D+
700,S_B-.D-.D+.S#
701,S_B-.D-.D+.S#.AV6
702,S_B-.D-.D-
703,S_B-.D-.D-.ANA
704,S_B-.D-.D=
705,S_B-.D-.F/
706,S_B-.D-.F=
707,S_B-.D-.S#
708,S_B-.D-.S#.ANA
709,S_B-.D-.S#.AV5
710,S_B-.D-.S#.AV6
711,S_B-.D-.S#.AX5
712,S_B-.D-.S-
713,S_B-.F#
714,S_B-.F#.S#
715,S_B-.F#.S#.ACF
716,S_B-.F#.S#.AX5
717,S_B-.F+
718,S_B-.F+.S#
719,S_B-.F+.S#.AX1
720,S_B-.F/
721,S_B-.S#
722,S_B-.S#.ANA
723,S_B-.S#.APP
724,S_B-.S#.AV5
725,S_B-.S#.AV6
726,S_B-.S#.AV8
727,S_B-.S#.AVR
728,S_B-.S#.AX1
729,S_B-.S#.AX3
730,S_B-.S#.AX4
731,S_B-.S#.AX5
732,S_B-.S#.AX9
733,S_B-.S-
734,S_B/
735,S_B=
736,S_D!
737,S_D!.S#
738,S_D!.S#.ANA
739,S_D!.S#.AV5
740,S_D!.S#.AV6
741,S_D!.S#.AVP
742,S_D!.S#.AVR
743,S_D!.S#.AX3
744,S_D!.S#.AX5
745,S_D!.S#.AX6
746,S_D!.S#.AX9
747,S_D!.S#.AXM
748,S_D!.S#.AXO
749,S_D#
750,S_D#.S#
751,S_D#.S#.ACB
752,S_D#.S#.ACD
753,S_D#.S#.ACF
754,S_D#.S#.ANA
755,S_D#.S#.APP
756,S_D#.S#.APP.ANA
757,S_D#.S#.AV0
758,S_D#.S#.AV5
759,S_D#.S#.AV6
760,S_D#.S#.AV8
761,S_D#.S#.AVB
762,S_D#.S#.AVP
763,S_D#.S#.AX0
764,S_D#.S#.AX1
765,S_D#.S#.AX2
766,S_D#.S#.AX3
767,S_D#.S#.AX4
768,S_D#.S#.AX5
769,S_D#.S#.AX5.D#
770,S_D#.S#.AX5.D#.S=
771,S_D#.S#.AX5.D=
772,S_D#.S#.AX6
773,S_D#.S#.AX6.D#
774,S_D#.S#.AX6.D#.S#
775,S_D#.S#.AX6.D#.S#.AX6
776,S_D#.S#.AX7
777,S_D#.S#.AX8
778,S_D#.S#.AX9
779,S_D#.S#.AXB
780,S_D#.S#.AXL
781,S_D#.S#.AXM
782,S_D#.S#.AXO
783,S_D#.S#.AXP
784,S_D#.S#.AXP.D-
785,S_D#.S#.AXP.D-.S#
786,S_D#.S#.AXP.D-.S#.AVP
787,S_D#.S#.AXR
788,S_D#.S#.AXS
789,S_D#.S-
790,S_D#.S-.ANA
791,S_D#.S-.B#
792,S_D#.S-.D+
793,S_D#.S-.D+.S#
794,S_D#.S-.D+.S#.ANA
795,S_D#.S-.D-
796,S_D#.S-.D-.ANA
797,S_D#.S-.D-.S#
798,S_D#.S-.D-.S#.ACF
799,S_D#.S-.F#
800,S_D#.S-.F#.S#
801,S_D#.S-.F#.S#.AXP
802,S_D#.S-.F=
803,S_D#.S=
804,S_D+
805,S_D+.ANA
806,S_D+.S#
807,S_D+.S#.ACB
808,S_D+.S#.ACF
809,S_D+.S#.ANA
810,S_D+.S#.ANA.B#
811,S_D+.S#.APP
812,S_D+.S#.AV0
813,S_D+.S#.AV5
814,S_D+.S#.AV5.B=
815,S_D+.S#.AV6
816,S_D+.S#.AV8
817,S_D+.S#.AVB
818,S_D+.S#.AVP
819,S_D+.S#.AVP.B-
820,S_D+.S#.AVP.D-
821,S_D+.S#.AVR
822,S_D+.S#.AVR.B-
823,S_D+.S#.AX0
824,S_D+.S#.AX1
825,S_D+.S#.AX2
826,S_D+.S#.AX3
827,S_D+.S#.AX4
828,S_D+.S#.AX5
829,S_D+.S#.AX6
830,S_D+.S#.AX7
831,S_D+.S#.AX8
832,S_D+.S#.AX9
833,S_D+.S#.AXB
834,S_D+.S#.AXL
835,S_D+.S#.AXM
836,S_D+.S#.AXO
837,S_D+.S#.AXP
838,S_D+.S#.AXR
839,S_D+.S#.AXS
840,S_D+.S-
841,S_D+.S-.ANA
842,S_D+.S-.B-
843,S_D+.S-.D-
844,S_D+.S-.F+
845,S_D+.S-.F+.S#
846,S_D+.S-.F+.S#.AX6
847,S_D+.S-.F/
848,S_D+.S-.F=
849,S_D+.S-.S#
850,S_D+.S-.S#.AV5
851,S_D+.S-.S-
852,S_D+.S=
853,S_D-
854,S_D-.ANA
855,S_D-.B/
856,S_D-.B=
857,S_D-.D#
858,S_D-.D#.S#
859,S_D-.D#.S#.AX5
860,S_D-.D#.S#.AX6
861,S_D-.D#.S#.AXB
862,S_D-.D+
863,S_D-.D+.S#
864,S_D-.D+.S#.AV5
865,S_D-.D+.S-
866,S_D-.D-
867,S_D-.D-.ANA
868,S_D-.D-.S#
869,S_D-.D-.S#.AX6
870,S_D-.D=
871,S_D-.F#
872,S_D-.F#.S#
873,S_D-.F#.S#.ACF
874,S_D-.F#.S#.AX5
875,S_D-.F-
876,S_D-.F-.S#
877,S_D-.F-.S#.AV6
878,S_D-.F-.S#.AX5
879,S_D-.F/
880,S_D-.F=
881,S_D-.S#
882,S_D-.S#.ACF
883,S_D-.S#.ANA
884,S_D-.S#.AV5
885,S_D-.S#.AV6
886,S_D-.S#.AX1
887,S_D-.S#.AX5
888,S_D-.S#.AX6
889,S_D-.S-
890,S_D-.S-.ANA
891,S_D-.S-.F=
892,S_D-.S-.S#
893,S_D-.S-.S#.APP
894,S_D-.S=
895,S_D=
896,S_F!
897,S_F!.S#
898,S_F!.S#.ACB
899,S_F!.S#.ACD
900,S_F!.S#.ACF
901,S_F!.S#.ANA
902,S_F!.S#.APP
903,S_F!.S#.AV5
904,S_F!.S#.AV6
905,S_F!.S#.AVP
906,S_F!.S#.AX0
907,S_F!.S#.AX1
908,S_F!.S#.AX2
909,S_F!.S#.AX3
910,S_F!.S#.AX4
911,S_F!.S#.AX5
912,S_F!.S#.AX6
913,S_F!.S#.AX7
914,S_F!.S#.AX8
915,S_F!.S#.AXB
916,S_F!.S#.AXL
917,S_F!.S#.AXM
918,S_F!.S#.AXP
919,S_F!.S#.AXS
920,S_F!.S-
921,S_F!.S-.ANA
922,S_F!.S=
923,S_F#
924,S_F#.S#
925,S_F#.S#.ACB
926,S_F#.S#.ACD
927,S_F#.S#.ACF
928,S_F#.S#.ANA
929,S_F#.S#.APP
930,S_F#.S#.AV5
931,S_F#.S#.AV6
932,S_F#.S#.AX0
933,S_F#.S#.AX1
934,S_F#.S#.AX2
935,S_F#.S#.AX3
936,S_F#.S#.AX4
937,S_F#.S#.AX5
938,S_F#.S#.AX6
939,S_F#.S#.AX7
940,S_F#.S#.AX8
941,S_F#.S#.AX9
942,S_F#.S#.AXB
943,S_F#.S#.AXM
944,S_F#.S#.AXM.B=
945,S_F#.S#.AXP
946,S_F#.S#.AXR
947,S_F#.S#.AXS
948,S_F#.S-
949,S_F#.S-.ANA
950,S_F#.S=
951,S_F+
952,S_F+.S#
953,S_F+.S#.ACB
954,S_F+.S#.ACD
955,S_F+.S#.ACF
956,S_F+.S#.ANA
957,S_F+.S#.APP
958,S_F+.S#.AV5
959,S_F+.S#.AV6
960,S_F+.S#.AX0
961,S_F+.S#.AX1
962,S_F+.S#.AX1.ANA
963,S_F+.S#.AX2
964,S_F+.S#.AX2.B=
965,S_F+.S#.AX3
966,S_F+.S#.AX4
967,S_F+.S#.AX5
968,S_F+.S#.AX6
969,S_F+.S#.AX7
970,S_F+.S#.AX7.D#
971,S_F+.S#.AX7.D#.S#
972,S_F+.S#.AX7.D#.S#.AX5
973,S_F+.S#.AX8
974,S_F+.S#.AX9
975,S_F+.S#.AXB
976,S_F+.S#.AXM
977,S_F+.S#.AXO
978,S_F+.S#.AXP
979,S_F+.S#.AXR
980,S_F+.S#.AXS
981,S_F+.S-
982,S_F+.S-.ANA
983,S_F+.S=
984,S_F-
985,S_F-.ANA
986,S_F-.ANA.B/
987,S_F-.D-
988,S_F-.D-.ANA
989,S_F-.D-.S#
990,S_F-.D-.S#.ANA
991,S_F-.S#
992,S_F-.S#.ACF
993,S_F-.S#.ANA
994,S_F-.S#.APP
995,S_F-.S#.AV5
996,S_F-.S#.AV6
997,S_F-.S#.AV8
998,S_F-.S#.AVB
999,S_F-.S#.AVP
1000,S_F-.S#.AVR
1001,S_F-.S#.AX1
1002,S_F-.S#.AX2
1003,S_F-.S#.AX3
1004,S_F-.S#.AX4
1005,S_F-.S#.AX5
1006,S_F-.S#.AX6
1007,S_F-.S#.AX7
1008,S_F-.S#.AX8
1009,S_F-.S#.AX9
1010,S_F-.S#.AXL
1011,S_F-.S#.AXM
1012,S_F-.S#.AXO
1013,S_F-.S#.AXP
1014,S_F-.S-
1015,S_F-.S-.ANA
1016,S_F-.S=
1017,S_F/
1018,S_F=
1019,S_P
1020,S_R-
1021,S_R-.S#
1022,S_R-.S#.AV5
1023,S_S#
1024,S_S#.ANA
1025,S_S#.APP
1026,S_S#.AV5
1027,S_S#.AV6
1028,S_S#.AX3
1029,S_S#.AX5
1030,S_S#.AX6
1031,S_S#.AXM
1032,S_S#.AXP
1033,S_S-
1034,S_S=
1035,S_SV
1036,S_SV.R-
1037,S_SV.R/
1038,S_SV.R=
